date,n_stocks,n_days,pc1,pc1_5,lambda_max,mp_upper,n_signif,eff_rank
2001-08-31,100,253,0.2149376811413351,0.4310754862707682,21.49376811413352,2.65264614391991,6,14.76414425085258
2001-09-28,100,249,0.2352673448487275,0.4487477017241766,23.526734484872748,2.6690549267517674,6,13.076001419275917
2001-10-31,100,249,0.2433668783755223,0.4519616510792897,24.33668783755223,2.6690549267517674,6,12.505458431313707
2001-11-30,100,249,0.260188214574627,0.4671196065265064,26.018821457462707,2.6690549267517674,6,11.418081859255826
2001-12-31,100,248,0.2737292323212979,0.4798615946423406,27.372923232129786,2.673227076453518,5,10.602709005581266
2002-01-31,100,249,0.2907076845117653,0.4730922699405749,29.070768451176527,2.6690549267517674,5,10.03628094025996
2002-02-28,100,249,0.3029134536922122,0.4821617022212469,30.291345369221215,2.6690549267517674,5,9.422833041084912
2002-03-29,100,248,0.2906861372990376,0.4696414045177207,29.06861372990375,2.673227076453518,5,10.105425881923416
2002-04-30,100,249,0.2785826091549391,0.4514648750345278,27.8582609154939,2.6690549267517674,5,10.923178882334527
2002-05-31,100,249,0.2908342285958566,0.458051748647942,29.083422859585667,2.6690549267517674,6,10.208519966150224
2002-06-28,100,249,0.2996917539219442,0.4647762311589136,29.96917539219443,2.6690549267517674,6,9.71521404975866
2002-07-31,100,249,0.3472299458817905,0.51089591682463,34.72299458817905,2.6690549267517674,5,7.513126205846128
2002-08-30,100,249,0.3716455535885206,0.5278488292847339,37.16455535885206,2.6690549267517674,4,6.682284405319462
2002-09-30,100,252,0.3857127108896637,0.5292593149092065,38.57127108896638,2.656706973522821,4,6.289701630649237
2002-10-31,100,253,0.4113809164587622,0.5460380036004225,41.13809164587622,2.65264614391991,4,5.605039342171514
2002-11-29,100,253,0.4100836846970608,0.5446086585467919,41.008368469706085,2.65264614391991,4,5.6381419098526395
2002-12-31,100,253,0.4182367491470094,0.551436790443946,41.82367491470096,2.65264614391991,4,5.4335055336862865
2003-01-31,100,253,0.433891979899263,0.5634420938465314,43.38919798992631,2.65264614391991,3,5.0795670691286
2003-02-28,100,253,0.4335653722531585,0.5598982230279504,43.35653722531585,2.65264614391991,3,5.090290072850263
2003-03-31,100,253,0.4446572663460194,0.5679320616037784,44.46572663460192,2.65264614391991,3,4.857882852379359
2003-04-30,100,253,0.4642548286886017,0.5847812549962419,46.425482868860165,2.65264614391991,2,4.47982045834099
2003-05-30,100,253,0.4603833150140609,0.5782473318870424,46.0383315014061,2.65264614391991,2,4.554455175272567
2003-06-30,100,252,0.4637922118991912,0.5838990344223007,46.37922118991913,2.656706973522821,2,4.487026100401344
2003-07-31,100,253,0.4693807794213344,0.5812554832368447,46.93807794213344,2.65264614391991,2,4.401550292756732
2003-08-29,100,253,0.4454461498033683,0.5616479677847862,44.54461498033683,2.65264614391991,2,4.856408061350475
2003-09-30,100,253,0.4367764919338325,0.556730539135095,43.67764919338325,2.65264614391991,3,5.036868562102234
2003-10-31,100,253,0.4215452052690936,0.5367351080030032,42.15452052690937,2.65264614391991,2,5.394801408230896
2003-11-28,100,252,0.4251184970697375,0.5314541548127497,42.51184970697376,2.656706973522821,2,5.327299927890802
2003-12-31,100,253,0.4140412537042359,0.5180958689588945,41.40412537042356,2.65264614391991,2,5.604859556238119
2004-01-30,100,253,0.3915866702959635,0.4959023845182562,39.15866702959638,2.65264614391991,2,6.224153599676569
2004-02-27,100,253,0.3782156485136022,0.4844994298740134,37.82156485136024,2.65264614391991,2,6.6360560013169625
2004-03-31,100,254,0.3440972965215855,0.4561741513915952,34.40972965215853,2.6486123976778924,2,7.883501985190267
2004-04-30,100,254,0.3227270374929276,0.436542648817759,32.272703749292766,2.6486123976778924,2,8.850422874692118
2004-05-31,100,252,0.3151699258227469,0.4352933553217517,31.516992582274693,2.656706973522821,3,9.205917488198423
2004-06-30,100,253,0.3047610190025839,0.4255785695959192,30.476101900258392,2.65264614391991,4,9.76905929874412
2004-07-30,100,253,0.2956473273608193,0.4172737604744282,29.56473273608192,2.65264614391991,3,10.29818245897832
2004-08-31,100,252,0.3079796401557538,0.4284718417472776,30.79796401557538,2.656706973522821,3,9.58198189982468
2004-09-30,100,253,0.2937545513211053,0.4177363996382531,29.37545513211053,2.65264614391991,3,10.389297936856847
2004-10-29,100,253,0.2962486985540929,0.4239344206921169,29.6248698554093,2.65264614391991,4,10.218338448609993
2004-11-30,100,252,0.2974869751822694,0.4295914125389999,29.748697518226948,2.656706973522821,4,10.119467901461409
2004-12-31,100,253,0.2997449062987818,0.4291296086934812,29.974490629878193,2.65264614391991,4,10.00856832858823
2005-01-31,100,252,0.2986287110162079,0.4294392448476083,29.862871101620797,2.656706973522821,4,10.071059103890825
2005-02-28,100,252,0.3014962569149434,0.4396747542047942,30.14962569149434,2.656706973522821,4,9.859780401908234
2005-03-31,100,252,0.2834502081589581,0.426762934062067,28.3450208158958,2.656706973522821,4,10.917053485334236
2005-04-29,100,253,0.2933159802561626,0.4395224689079128,29.33159802561627,2.65264614391991,4,10.273880131767024
2005-05-31,100,252,0.2903638883954901,0.4336268128863434,29.03638883954901,2.656706973522821,4,10.469710710956496
2005-06-30,100,254,0.285269311777395,0.4330966250373375,28.5269311777395,2.6486123976778924,4,10.740117663838388
2005-07-29,100,254,0.2817631931161752,0.4333109808655399,28.17631931161753,2.6486123976778924,4,10.910678938656895
2005-08-31,100,254,0.2734592657403315,0.4331057552294089,27.34592657403315,2.6486123976778924,4,11.339908029155712
2005-09-30,100,254,0.2703605368933529,0.4286428226277866,27.03605368933529,2.6486123976778924,4,11.537889781646266
2005-10-31,100,253,0.2840658068610117,0.4358316318252502,28.406580686101176,2.65264614391991,4,10.733870007330976
2005-11-30,100,254,0.2778378298283875,0.4290291224558856,27.78378298283876,2.6486123976778924,4,11.120392017581729
2005-12-30,100,254,0.2797053914470257,0.4311085813279615,27.970539144702585,2.6486123976778924,4,11.022687953158044
2006-01-31,100,253,0.2718618295711603,0.4341930231437842,27.186182957116028,2.65264614391991,4,11.375852470984888
2006-02-28,100,253,0.2749165426070959,0.4199503806424541,27.49165426070959,2.65264614391991,4,11.44291943174424
2006-03-31,100,254,0.2698187402949575,0.4210550905763655,26.981874029495756,2.6486123976778924,4,11.69438511790927
2006-04-28,100,253,0.2545455354805084,0.4037273136050032,25.454553548050843,2.65264614391991,4,12.877923939070373
2006-05-31,100,253,0.2557703615797341,0.3964733212881319,25.577036157973417,2.65264614391991,4,12.917832411694803
2006-06-30,100,253,0.2794294221433228,0.4227348494865082,27.942942214332287,2.65264614391991,3,11.107766293872412
2006-07-31,100,252,0.2826783948406576,0.4273872129843728,28.267839484065764,2.656706973522821,4,10.87948067118353
2006-08-31,100,253,0.2745439512002215,0.4229514828697544,27.45439512002216,2.65264614391991,4,11.407802321416913
2006-09-29,100,253,0.271926608333944,0.4228043438940825,27.19266083339441,2.65264614391991,4,11.56266552954184
2006-10-31,100,253,0.2569632847013867,0.411443318319992,25.696328470138667,2.65264614391991,4,12.62651909979833
2006-11-30,100,253,0.2625101922471165,0.4166449034675674,26.25101922471165,2.65264614391991,4,12.218162906222128
2006-12-29,100,253,0.2616652126332514,0.4122601328339482,26.166521263325144,2.65264614391991,4,12.301323555667704
2007-01-31,100,252,0.2602533629214606,0.4120890393008412,26.025336292146054,2.656706973522821,3,12.387861215276738
2007-02-28,100,252,0.2763329880258822,0.4279558901439129,27.63329880258822,2.656706973522821,3,11.231451965076117
2007-03-30,100,252,0.2957744546982124,0.4405732908745869,29.57744546982125,2.656706973522821,3,10.078300167493026
2007-04-30,100,251,0.2949063930384458,0.4392607148910986,29.490639303844578,2.6607951806975985,3,10.129508371917003
2007-05-31,100,252,0.2897135087378256,0.4362022779299664,28.97135087378256,2.656706973522821,3,10.426142654129771
2007-06-29,100,252,0.2857644798558975,0.4317930208999307,28.57644798558974,2.656706973522821,3,10.65564834696026
2007-07-31,100,252,0.3002228315386943,0.4421042919725621,30.022283153869427,2.656706973522821,3,9.833573288854415
2007-08-31,100,252,0.3481902762051084,0.483423482186921,34.81902762051084,2.656706973522821,3,7.609744268666006
2007-09-28,100,252,0.3650559133891737,0.4949980512888199,36.505591338917384,2.656706973522821,3,7.008805783488112
2007-10-31,100,252,0.3727736341425044,0.4970712962021623,37.277363414250445,2.656706973522821,3,6.761870438644739
2007-11-30,100,252,0.4038330459220343,0.5256167295060413,40.38330459220341,2.656706973522821,3,5.843676163402878
2007-12-31,100,251,0.416840825844805,0.5383906316013132,41.6840825844805,2.6607951806975985,3,5.505195489038103
2008-01-31,100,253,0.4217065651229293,0.5525212202924062,42.170656512292936,2.65264614391991,3,5.3667030344149484
2008-02-29,100,254,0.4160243669342204,0.5573865606814021,41.60243669342204,2.6486123976778924,3,5.474812743801259
2008-03-31,100,251,0.4285711431133171,0.5695771635251708,42.85711431133173,2.6607951806975985,3,5.174293102623202
2008-04-30,100,254,0.4183654912361406,0.5669052850243124,41.83654912361406,2.6486123976778924,4,5.39469897350644
2008-05-30,100,254,0.4122344399172313,0.5690812431922105,41.22344399172312,2.6486123976778924,4,5.507671619608664
2008-06-30,100,252,0.409321072554513,0.5790958259121437,40.93210725545131,2.656706973522821,4,5.519065391769983
2008-07-31,100,254,0.3882357233919199,0.5614391165886161,38.823572339191976,2.6486123976778924,4,6.063747499181163
2008-08-29,100,254,0.3780355467468949,0.566921122140152,37.80355467468949,2.6486123976778924,4,6.262721307782912
2008-09-30,100,253,0.433812109917659,0.6000165198789956,43.381210991765904,2.65264614391991,3,4.9830018113934695
2008-10-31,100,254,0.5444596034384808,0.6815681786884314,54.44596034384807,2.6486123976778924,3,3.288773001105493
2008-11-28,100,254,0.5681693369715981,0.6987195331611983,56.8169336971598,2.6486123976778924,3,3.0327736349872167
2008-12-31,100,254,0.5755017646043225,0.6963325296089083,57.55017646043228,2.6486123976778924,3,2.964752845776683
2009-01-30,100,254,0.5732149026765098,0.6925582304460555,57.32149026765097,2.6486123976778924,3,2.9891052583750386
2009-02-27,100,254,0.5688014904928489,0.6890791453488538,56.88014904928491,2.6486123976778924,3,3.033361044836407
2009-03-31,100,254,0.5760576957844888,0.6945594827217415,57.60576957844887,2.6486123976778924,3,2.960567644160037
2009-04-30,100,253,0.5736751072879439,0.6951593361221495,57.36751072879439,2.65264614391991,3,2.983708054635808
2009-05-29,100,253,0.5703377596228824,0.6963831040259661,57.03377596228825,2.65264614391991,3,3.015177134883472
2009-06-30,100,253,0.5712132853589352,0.6943089893826319,57.121328535893504,2.65264614391991,3,3.0082381213589584
2009-07-31,100,253,0.5819888464117956,0.7013028200207049,58.19888464117954,2.65264614391991,3,2.9029586279692765
2009-08-31,100,252,0.5783966552622564,0.6971671686184717,57.839665526225616,2.656706973522821,3,2.937456343799825
2009-09-30,100,253,0.5716143645716354,0.690360590748611,57.16143645716353,2.65264614391991,3,3.0052743247670857
2009-10-30,100,253,0.5321107995933382,0.6540212688512784,53.21107995933383,2.65264614391991,3,3.451655457871506
2009-11-30,100,252,0.4828079024714099,0.6161471368638117,48.280790247141,2.656706973522821,3,4.148446872203942
2009-12-31,100,253,0.4616134492818723,0.5981833950007197,46.16134492818722,2.65264614391991,3,4.512632992478532
2010-01-29,100,253,0.449913832032509,0.5893744971183225,44.99138320325091,2.65264614391991,4,4.734148416005452
2010-02-26,100,253,0.4383761897179979,0.5829342909952255,43.837618971799785,2.65264614391991,4,4.9629692816922475
2010-03-31,100,253,0.3747445509662204,0.520869394526074,37.47445509662205,2.65264614391991,4,6.627610523224107
2010-04-30,100,253,0.3785716270439152,0.5179616620055514,37.85716270439152,2.65264614391991,4,6.5367685888209
2010-05-31,100,252,0.4226495645897325,0.5431674385922052,42.26495645897325,2.656706973522821,3,5.366097611427453
2010-06-30,100,253,0.4460987318047787,0.5544872262530002,44.60987318047787,2.65264614391991,2,4.859018068636356
2010-07-30,100,253,0.4652076037382732,0.5675711295239578,46.52076037382734,2.65264614391991,2,4.491642004466317
2010-08-31,100,253,0.4758009467664324,0.5722333306354487,47.5800946766432,2.65264614391991,2,4.307793060573298
2010-09-30,100,253,0.4912017901887979,0.5849800080184464,49.12017901887979,2.65264614391991,2,4.053468285706923
2010-10-29,100,253,0.4988195270383379,0.5922138023791785,49.88195270383382,2.65264614391991,2,3.9359772169726814
2010-11-30,100,253,0.4865904196821339,0.5839013980155726,48.65904196821337,2.65264614391991,2,4.126666665567766
2010-12-31,100,253,0.5012435096914013,0.5981846378922713,50.12435096914009,2.65264614391991,2,3.8972225988622937
2011-01-31,100,253,0.4990759814210224,0.5983950616103226,49.90759814210223,2.65264614391991,2,3.9298834467267545
2011-02-28,100,253,0.4807131178032516,0.5852122998935229,48.07131178032515,2.65264614391991,3,4.220435071676258
2011-03-31,100,254,0.49743659601501,0.5986235196714718,49.743659601501015,2.6486123976778924,3,3.953439082570706
2011-04-29,100,254,0.4950450864397666,0.5946822970568321,49.504508643976656,2.6486123976778924,3,3.991288238489165
2011-05-31,100,253,0.44456618704322,0.5584897142784279,44.45661870432202,2.65264614391991,3,4.889957757681988
2011-06-30,100,254,0.4218175502331208,0.5436905105604444,42.181755023312064,2.6486123976778924,3,5.388237004572334
2011-07-29,100,254,0.4023587044581536,0.5299071535027592,40.23587044581535,2.6486123976778924,3,5.875974858390838
2011-08-31,100,254,0.5203470429697261,0.6266043729729696,52.034704296972585,2.6486123976778924,3,3.618375981549581
2011-09-30,100,254,0.5412453965973043,0.6410414360882648,54.12453965973045,2.6486123976778924,3,3.356407732605505
2011-10-31,100,253,0.5635902484926346,0.6668845677628258,56.35902484926346,2.65264614391991,2,3.0993153978048467
2011-11-30,100,254,0.5901236872096295,0.6851773463259662,59.012368720962975,2.6486123976778924,2,2.835906001035775
2011-12-30,100,254,0.5978203244969131,0.6918917066733765,59.78203244969129,2.6486123976778924,2,2.7648826087975764
2012-01-31,100,253,0.5993154265742094,0.6931533652001086,59.931542657420955,2.65264614391991,2,2.751624020328219
2012-02-29,100,254,0.6066853981595962,0.6993285397697554,60.66853981595963,2.6486123976778924,2,2.686855488270497
2012-03-30,100,254,0.6093832247341306,0.7011438591257235,60.93832247341303,2.6486123976778924,2,2.663667522902189
2012-04-30,100,252,0.6097199848454053,0.7009635345459707,60.971998484540514,2.656706973522821,2,2.660565612785078
2012-05-31,100,254,0.6095431837537779,0.7008907930787172,60.95431837537777,2.6486123976778924,2,2.6619607659065014
2012-06-29,100,254,0.6092342119713501,0.7003114515476939,60.92342119713501,2.6486123976778924,2,2.6650299750452
2012-07-31,100,253,0.6028359761399734,0.6937528023411985,60.28359761399733,2.65264614391991,2,2.720574932118044
2012-08-31,100,254,0.5179818974164453,0.6198915800739003,51.79818974164454,2.6486123976778924,2,3.651471175523244
2012-09-28,100,254,0.4966408361432241,0.6042266324633455,49.664083614322394,2.6486123976778924,2,3.954309226712487
2012-10-31,100,252,0.4653882340254164,0.5737654719348613,46.538823402541645,2.656706973522821,2,4.481195154426744
2012-11-30,100,252,0.4115970737812776,0.527795991556773,41.15970737812776,2.656706973522821,3,5.646027152135696
2012-12-31,100,250,0.3819299119239446,0.4997050302614254,38.19299119239446,2.6649110640673523,3,6.488980297448528
2013-01-31,100,252,0.3899982881754211,0.5031767203903325,38.99982881754211,2.656706973522821,3,6.254276373429144
2013-02-28,100,252,0.4020652901960887,0.5110584526362917,40.20652901960887,2.656706973522821,3,5.9140144318431735
2013-03-29,100,250,0.3984598755009219,0.5114774218581107,39.8459875500922,2.6649110640673523,3,6.008766018505485
2013-04-30,100,251,0.3871114156326015,0.5050668414422951,38.711141563260135,2.6607951806975985,3,6.3262310227305
2013-05-31,100,251,0.3859901835010465,0.503898719851637,38.59901835010465,2.6607951806975985,2,6.3554111778464035
2013-06-28,100,251,0.3809000598163625,0.4989578422595406,38.09000598163627,2.6607951806975985,2,6.511127547257352
2013-07-31,100,251,0.3651491064569587,0.4831584676724628,36.51491064569588,2.6607951806975985,2,7.039128970611316
2013-08-30,100,251,0.3722764153342865,0.4863992473856134,37.22764153342866,2.6607951806975985,2,6.809180207863126
2013-09-30,100,250,0.3739922252842933,0.4863856960821063,37.39922252842933,2.6649110640673523,2,6.757387165441076
2013-10-31,100,253,0.3790679959606177,0.4884865942338707,37.90679959606177,2.65264614391991,2,6.590248708541774
2013-11-29,100,253,0.3683013130343216,0.4825010915743475,36.830131303432175,2.65264614391991,2,6.939675182692079
2013-12-31,100,253,0.3675801680531745,0.4815194114683542,36.758016805317446,2.65264614391991,2,6.971836508919963
2014-01-31,100,253,0.3684530779616907,0.484990157237307,36.845307796169074,2.65264614391991,2,6.933534705562091
2014-02-28,100,253,0.3710448207714016,0.487923218640466,37.10448207714016,2.65264614391991,2,6.8477836188418015
2014-03-31,100,253,0.3775524788891577,0.4954645947146984,37.75524788891576,2.65264614391991,3,6.6314688994507325
2014-04-30,100,253,0.3733868057806194,0.4919459476657022,37.338680578061926,2.65264614391991,3,6.76960550616295
2014-05-30,100,253,0.3755504220972784,0.4904780699237135,37.55504220972782,2.65264614391991,2,6.7080088923001675
2014-06-30,100,252,0.3416399916152177,0.4605326751321072,34.16399916152177,2.656706973522821,3,7.973650224109803
2014-07-31,100,253,0.3560509772605327,0.4758588974111732,35.60509772605325,2.65264614391991,3,7.390226051991353
2014-08-29,100,253,0.3433919317502664,0.4650811499097967,34.339193175026644,2.65264614391991,3,7.88662735982602
2014-09-30,100,253,0.3504825018735142,0.4706088307465008,35.04825018735143,2.65264614391991,4,7.603721847152926
2014-10-31,100,253,0.3699675213679942,0.4927131213522346,36.9967521367994,2.65264614391991,4,6.8790039710256625
2014-11-28,100,252,0.3587703587615134,0.4890715066884818,35.87703587615134,2.656706973522821,4,7.258812645468605
2014-12-31,100,253,0.3663167262300257,0.4991857392886107,36.631672623002544,2.65264614391991,4,6.978574607095806
2015-01-30,100,253,0.3723202517233973,0.5115612181996014,37.23202517233974,2.65264614391991,4,6.748835889386161
2015-02-27,100,253,0.3702097129381893,0.5088886047678953,37.02097129381893,2.65264614391991,4,6.824408926626032
2015-03-31,100,253,0.3803162299969438,0.520038833788197,38.03162299969438,2.65264614391991,4,6.492378879995229
2015-04-30,100,253,0.3670981611896706,0.5089435417355818,36.70981611896706,2.65264614391991,4,6.906774577329384
2015-05-29,100,253,0.3737344072989,0.5075145870821306,37.37344072989001,2.65264614391991,4,6.713606804492317
2015-06-30,100,253,0.3879686533332026,0.5199091232905655,38.79686533332026,2.65264614391991,4,6.271434967806467
2015-07-31,100,253,0.3963073756663718,0.5235800043896782,39.630737566637194,2.65264614391991,4,6.03974868744283
2015-08-31,100,252,0.4489477891395353,0.5706752961943634,44.89477891395356,2.656706973522821,4,4.782991524630962
2015-09-30,100,253,0.4768758715901414,0.5962458989981309,47.68758715901414,2.65264614391991,4,4.2666168862686575
2015-10-30,100,253,0.4546637434723027,0.589633889566062,45.46637434723027,2.65264614391991,4,4.652340777338407
2015-11-30,100,252,0.4634960873466047,0.5953327510949712,46.349608734660485,2.656706973522821,4,4.49150953703497
2015-12-31,100,253,0.4744922752743114,0.596939634978691,47.44922752743113,2.65264614391991,4,4.304289927088615
2016-01-29,100,253,0.4777003982614969,0.6092735034744384,47.77003982614968,2.65264614391991,4,4.238591281935636
2016-02-29,100,252,0.4789522259396017,0.6094414335162088,47.89522259396018,2.656706973522821,4,4.218916261911864
2016-03-31,100,253,0.4637589327295292,0.6000166071185246,46.37589327295293,2.65264614391991,4,4.47812210411185
2016-04-29,100,254,0.4622643374286365,0.6051282128090739,46.22643374286363,2.6486123976778924,4,4.4949169422507005
2016-05-31,100,253,0.4717138746607587,0.6165933243648872,47.17138746607586,2.65264614391991,4,4.322019714171994
2016-06-30,100,254,0.4652699206085798,0.6157652300205012,46.526992060858,2.6486123976778924,4,4.425708386275784
2016-07-29,100,254,0.465384616782762,0.6171900879909177,46.538461678276185,2.6486123976778924,4,4.419782811858486
2016-08-31,100,254,0.4218403541779353,0.5882776058134044,42.18403541779352,2.6486123976778924,4,5.285055169291987
2016-09-30,100,254,0.4024470232488032,0.57207216425604,40.2447023248803,2.6486123976778924,4,5.749659743375515
2016-10-31,100,252,0.3891055013061739,0.560229401086429,38.91055013061741,2.656706973522821,4,6.102664389362675
2016-11-30,100,254,0.3844217071860224,0.564842465263322,38.44217071860224,2.6486123976778924,4,6.20198205020503
2016-12-30,100,254,0.360782946634135,0.5520316991364355,36.078294663413494,2.6486123976778924,5,6.886086322572743
2017-01-31,100,253,0.31511324549899,0.5178483230029961,31.511324549898987,2.65264614391991,5,8.619853982705807
2017-02-28,100,253,0.2972625430338328,0.4976068410165276,29.72625430338329,2.65264614391991,5,9.46250804023286
2017-03-31,100,254,0.2908917137269207,0.4932189312350999,29.08917137269206,2.6486123976778924,5,9.776000994508586
2017-04-28,100,253,0.2875517256894368,0.4891744308642442,28.75517256894369,2.65264614391991,5,9.944685646717158
2017-05-31,100,253,0.2795654351384373,0.482139556426413,27.956543513843737,2.65264614391991,5,10.39412042050258
2017-06-30,100,253,0.2263781575326952,0.4559295292435462,22.63781575326951,2.65264614391991,5,13.59924086526242
2017-07-31,100,252,0.2156384966515381,0.4484610463332572,21.563849665153818,2.656706973522821,5,14.354727399437015
2017-08-31,100,253,0.2254447816359326,0.4526367655191232,22.54447816359327,2.65264614391991,5,13.733099889557971
2017-09-29,100,253,0.1970826140341981,0.4318589741015819,19.70826140341981,2.65264614391991,5,16.08075191461516
2017-10-31,100,253,0.1849542860610893,0.4201399339527502,18.495428606108938,2.65264614391991,6,17.333255249550962
2017-11-30,100,253,0.1775056105552668,0.3890350929989589,17.750561055526678,2.65264614391991,6,19.440746212818716
2017-12-29,100,253,0.1742248180574848,0.3825733469111561,17.42248180574848,2.65264614391991,6,19.973702354097775
2018-01-31,100,253,0.1805342079065441,0.384368865206916,18.05342079065441,2.65264614391991,6,19.393491522466174
2018-02-28,100,253,0.2921489020987859,0.4721670721781387,29.214890209878593,2.65264614391991,5,10.016161656894834
2018-03-30,100,252,0.3274826652849473,0.4994702321190775,32.74826652849473,2.656706973522821,5,8.312341667231637
2018-04-30,100,252,0.3394721766918603,0.5060210610382704,33.94721766918603,2.656706973522821,6,7.8276625846930274
2018-05-31,100,253,0.3435029326361291,0.5102849267993038,34.35029326361291,2.65264614391991,5,7.676173041588334
2018-06-29,100,253,0.3422703804509417,0.5072879310063881,34.22703804509418,2.65264614391991,5,7.739428430557897
2018-07-31,100,253,0.3397559169278218,0.4989639393714227,33.975591692782174,2.65264614391991,4,7.868572109761565
2018-08-31,100,253,0.335863643718869,0.4988061527729341,33.5863643718869,2.65264614391991,4,8.0141053895425
2018-09-28,100,253,0.3350216085447577,0.4999720326689147,33.502160854475775,2.65264614391991,4,8.03856416709005
2018-10-31,100,253,0.3690294443552737,0.5353653672620051,36.90294443552736,2.65264614391991,4,6.7435472795750036
2018-11-30,100,253,0.3832528768514799,0.5432734791807141,38.325287685148,2.65264614391991,4,6.309082050710416
2018-12-31,100,251,0.4319279641456329,0.5834876366083566,43.19279641456327,2.6607951806975985,3,5.080019073502016
2019-01-31,100,252,0.4317870087497708,0.5830467965460187,43.178700874977096,2.656706973522821,3,5.081204946553701
2019-02-28,100,252,0.3977339558183148,0.5532649379965323,39.77339558183148,2.656706973522821,3,5.903867364848736
2019-03-29,100,252,0.3844516034897132,0.5440938200886197,38.44516034897131,2.656706973522821,3,6.26498867771901
2019-04-30,100,252,0.3602688935863775,0.5320377822989866,36.02688935863776,2.656706973522821,4,7.009096746996842
2019-05-31,100,252,0.3666368276731802,0.5403220902587373,36.663682767318015,2.656706973522821,4,6.76967105015345
2019-06-28,100,252,0.3720127326334345,0.5450360259778216,37.20127326334346,2.656706973522821,4,6.60362982575726
2019-07-31,100,252,0.3720968625357601,0.5404895633862623,37.20968625357602,2.656706973522821,3,6.607141875778026
2019-08-30,100,252,0.4050520542211064,0.5643018633705574,40.505205422110656,2.656706973522821,3,5.689961976638954
2019-09-30,100,251,0.4002769409848569,0.5646283587737015,40.02769409848572,2.6607951806975985,3,5.7974948872170495
2019-10-31,100,252,0.389581507662183,0.5497235989719094,38.95815076621831,2.656706973522821,4,6.11420509972419
2019-11-29,100,252,0.3784967729301778,0.5441506912851515,37.84967729301777,2.656706973522821,4,6.4176340282636675
2019-12-31,100,253,0.3231569408860132,0.501570218338185,32.315694088601326,2.65264614391991,4,8.405378742437998
2020-01-31,100,253,0.3125094672882278,0.495317162968219,31.25094672882279,2.65264614391991,4,8.87048942657872
2020-02-28,100,253,0.3558283466699337,0.5273212689346595,35.582834666993364,2.65264614391991,4,7.152969419142204
2020-03-31,100,253,0.6225026799195046,0.744181584232366,62.250267991950444,2.65264614391991,3,2.542722126233645
2020-04-30,100,254,0.6352139557759579,0.7526494627387443,63.52139557759578,2.6486123976778924,3,2.445263395725563
2020-05-29,100,254,0.6283165794271188,0.7530431044839938,62.83165794271193,2.6486123976778924,3,2.495194115658835
2020-06-30,100,253,0.6313617563612346,0.7542236236803902,63.13617563612338,2.65264614391991,3,2.472194364266252
2020-07-31,100,254,0.6192471033080862,0.7485655612220276,61.92471033080868,2.6486123976778924,3,2.5648621891669463
2020-08-31,100,252,0.6110425345449026,0.7445161714481164,61.104253454490234,2.656706973522821,3,2.630082156802689
2020-09-30,100,254,0.6174102877052523,0.748303169945263,61.74102877052524,2.6486123976778924,3,2.578696758436816
2020-10-30,100,254,0.6183915176550638,0.7502204002511995,61.83915176550638,2.6486123976778924,3,2.5701036326300173
2020-11-30,100,252,0.6091976344264103,0.7495217913949729,60.91976344264102,2.656706973522821,3,2.6384931189360676
2020-12-31,100,254,0.600915787905236,0.7426499932166533,60.091578790523585,2.6486123976778924,3,2.708689137157394
2021-01-29,100,254,0.5894713056580639,0.7332829499965148,58.9471305658064,2.6486123976778924,3,2.810050111676585
2021-02-26,100,254,0.5847017613863634,0.7367871790482706,58.470176138636326,2.6486123976778924,3,2.8456796557482833
2021-03-31,100,253,0.4054055473639136,0.6148151611953323,40.54055473639136,2.65264614391991,3,5.433641802608482
2021-04-30,100,253,0.3459467201528033,0.5820864164680742,34.594672015280324,2.65264614391991,5,6.930208668327746
2021-05-31,100,252,0.3365068915534742,0.5736684183029466,33.65068915534742,2.656706973522821,5,7.243759377805712
2021-06-30,100,253,0.2842921472015617,0.5418563789751505,28.42921472015617,2.65264614391991,5,9.064010021557165
2021-07-30,100,253,0.2869034644425998,0.5415912932217734,28.69034644425998,2.65264614391991,5,9.052805577458654
2021-08-31,100,253,0.2950475959192893,0.5566280245698322,29.504759591928934,2.65264614391991,5,8.602754002654729
2021-09-30,100,253,0.2778827661549243,0.5513470716389118,27.788276615492425,2.65264614391991,5,9.21561135012561
2021-10-29,100,253,0.2590475175665425,0.5393239050492526,25.90475175665426,2.65264614391991,5,9.969029872795971
2021-11-30,100,253,0.2584635290830739,0.501224102375761,25.84635290830739,2.65264614391991,5,10.92741348298985
2021-12-31,100,253,0.2716033293086934,0.5147376835168835,27.16033293086936,2.65264614391991,4,10.241687732754748
2022-01-31,100,253,0.2646008966853281,0.5163684692133532,26.46008966853281,2.65264614391991,5,10.375675382894842
2022-02-28,100,253,0.278103684162041,0.5231780076921936,27.8103684162041,2.65264614391991,4,9.725864232817123
2022-03-31,100,254,0.3002762182711356,0.5266464122099453,30.027621827113556,2.6486123976778924,4,9.003555042502558
2022-04-29,100,254,0.3224960096514696,0.542106514997302,32.24960096514696,2.6486123976778924,4,8.087726419603353
2022-05-31,100,253,0.3420587764805518,0.5561444964379622,34.205877648055186,2.65264614391991,4,7.362619036497219
2022-06-30,100,253,0.3709076187653977,0.5731467247896341,37.09076187653976,2.65264614391991,4,6.488156001912098
2022-07-29,100,253,0.3804422448507234,0.580085767073831,38.044224485072334,2.65264614391991,4,6.212283807131722
2022-08-31,100,253,0.3902628285305493,0.5862268851019481,39.02628285305492,2.65264614391991,4,5.959215387546453
2022-09-30,100,253,0.4027571320282223,0.5905148866092149,40.27571320282221,2.65264614391991,4,5.669385064240015
2022-10-31,100,252,0.4197236709995615,0.6007470814309447,41.97236709995614,2.656706973522821,4,5.286722872466711
2022-11-30,100,253,0.4402151830226886,0.6187293272969834,44.02151830226887,2.65264614391991,4,4.844626533513436
2022-12-30,100,253,0.4483691564220264,0.6205360863812818,44.83691564220262,2.65264614391991,4,4.690681327904769
2023-01-31,100,252,0.4575885983842556,0.6241672568613854,45.758859838425565,2.656706973522821,4,4.525170805613701
2023-02-28,100,252,0.4609382470400936,0.6212677487312736,46.09382470400936,2.656706973522821,3,4.471158781588012
2023-03-31,100,252,0.4608286441777133,0.6190152975195127,46.08286441777133,2.656706973522821,3,4.479619049562217
2023-04-28,100,252,0.4566984774770392,0.6144944277562616,45.669847747703926,2.656706973522821,3,4.559014084426362
2023-05-31,100,252,0.4339534471520717,0.5991876710822326,43.39534471520717,2.656706973522821,3,4.998020118248072
2023-06-30,100,252,0.4070981195681639,0.5765222385071731,40.709811956816395,2.656706973522821,3,5.605384302444663
2023-07-31,100,251,0.3965487689401387,0.5683218087974522,39.65487689401386,2.6607951806975985,3,5.877366134061526
2023-08-31,100,252,0.3829897189559176,0.5549208863037746,38.29897189559175,2.656706973522821,4,6.260091291174624
2023-09-29,100,252,0.3562917871785606,0.5338076853142102,35.629178717856036,2.656706973522821,4,7.090356616942761
2023-10-31,100,252,0.31031055698182,0.494026063532587,31.031055698182,2.656706973522821,4,8.947776476348121
2023-11-30,100,252,0.2908227063543326,0.4766193720416475,29.082270635433275,2.656706973522821,4,9.943157192488249
2023-12-29,100,252,0.2678783535394221,0.4601141257243941,26.787835353942206,2.656706973522821,4,11.295248145317377
2024-01-31,100,252,0.2496318953752398,0.4491619740219069,24.963189537523977,2.656706973522821,4,12.442414695215362
2024-02-29,100,253,0.2415849109952375,0.440336256237595,24.15849109952376,2.65264614391991,4,13.14681502697824
2024-03-29,100,252,0.22398441631468,0.4248029846751543,22.398441631467996,2.656706973522821,4,14.573988799317329
2024-04-30,100,252,0.2230539102427029,0.4219382439358128,22.305391024270296,2.656706973522821,4,14.621251670644613
2024-05-31,100,253,0.2141159992579822,0.4144951234626336,21.411599925798228,2.65264614391991,4,15.401946617392891
2024-06-28,100,253,0.2072706430798766,0.4040101064495321,20.727064307987668,2.65264614391991,4,16.160224108608244
2024-07-31,100,253,0.2088626127548422,0.4145475515324985,20.886261275484227,2.65264614391991,4,15.610870173797148
2024-08-30,100,253,0.2201817162955886,0.4307784313272369,22.018171629558857,2.65264614391991,4,14.4521456952038
2024-09-30,100,251,0.2132190780054044,0.4252630632313874,21.32190780054044,2.6607951806975985,4,15.039950551253984
2024-10-31,100,253,0.2021759448926089,0.4244668738462644,20.217594489260893,2.65264614391991,4,15.769580528972334
2024-11-29,100,253,0.1979514683242614,0.4154936606794491,19.79514683242614,2.65264614391991,5,16.63634408425283
2024-12-31,100,252,0.2054363658794601,0.4157490544764371,20.543636587946025,2.656706973522821,5,15.987703750279922
2025-01-31,100,252,0.2022395920291304,0.4241123663546662,20.223959202913043,2.656706973522821,5,15.68439226688438
2025-02-28,100,252,0.1973982918328354,0.4126975861304338,19.739829183283547,2.656706973522821,4,16.397146907502503
2025-03-31,100,251,0.2142263259085955,0.4409432099935147,21.42263259085955,2.6607951806975985,4,14.23857061175172
2025-04-30,100,251,0.3205924039681457,0.5321050380976272,32.059240396814566,2.6607951806975985,4,8.01594124803072
2025-05-30,100,251,0.3445866825703234,0.557121084770013,34.458668257032336,2.6607951806975985,4,7.139201379006114
2025-06-30,100,250,0.3584979989938813,0.5644156258835848,35.84979989938813,2.6649110640673523,4,6.764153573316978
2025-07-31,100,251,0.3653747111584371,0.5681003323019183,36.537471115843715,2.6607951806975985,4,6.595359334576182
2025-08-29,100,251,0.3514427128294394,0.5555149162749582,35.14427128294395,2.6607951806975985,4,7.048317446102889
2025-09-30,100,251,0.3472499144478419,0.5471140596117636,34.7249914447842,2.6607951806975985,4,7.24145332057274
2025-10-31,100,251,0.3316082586701778,0.537831950844408,33.16082586701777,2.6607951806975985,4,7.7733160597969135
2025-11-28,100,250,0.3380615673782867,0.5459861673083264,33.80615673782866,2.6649110640673523,4,7.446003918904772
2025-12-31,100,251,0.3362651702212331,0.543831345336438,33.6265170221233,2.6607951806975985,4,7.525580292241544
2026-01-30,100,252,0.3199848687615649,0.5251055846404814,31.998486876156505,2.656706973522821,5,8.286693928095728
2026-02-27,100,252,0.3052314422678166,0.518302499730696,30.52314422678166,2.656706973522821,5,8.859641571197187
2026-03-31,100,252,0.2988126045756283,0.5141796271203672,29.88126045756283,2.656706973522821,5,9.222060824199469
2026-04-30,100,252,0.1840833317576761,0.4212364512826795,18.40833317576761,2.656706973522821,6,17.39888026501144
2026-05-29,100,252,0.1634012859176843,0.4066118400005716,16.340128591768433,2.656706973522821,6,19.4827387042551
2026-06-30,100,252,0.1668876706318034,0.4141923334400791,16.688767063180347,2.656706973522821,6,18.69132067035095
2026-07-31,100,252,0.1675034239349356,0.4247375038360481,16.75034239349357,2.656706973522821,6,17.963506067781584
2026-08-20,100,251,0.1698785525117363,0.4394237039801477,16.987855251173634,2.6607951806975985,6,17.22606007720517
